"0","dat <- dat %>%"
"0","  filter(SchoolYear != """")"
"0","dat$SchoolYear <- as.factor(dat$SchoolYear)"
"0",""
"0","                     "
"0","dat$SchoolYear <- factor(dat$SchoolYear, c(""Freshman"", ""Sophomore"", ""Junior"", ""Senior"","
"0","                           ""Master"", ""PhD"", ""Other"", ""Prefer not to answer""))"
"0",""
"0","dat %>%"
"0","  filter(PrimarySource != ""I don't drink water"" & PrimarySource != ""Prefer not to answer"") %>%"
"0","ggplot(mapping = aes(x = PrimarySource, fill = SchoolYear)) +"
"0","  geom_bar(position = ""dodge"", color = ""black"")"
